function,run,ms,ok
listMonth,1,446.4,true
listMonth,2,421.3,true
listMonth,3,425.1,true
listMonth,4,432.7,true
listMonth,5,453.4,true
listMonth,6,424.8,true
listMonth,7,422.6,true
listMonth,8,425.3,true
listMonth,9,431.0,true
listMonth,10,427.3,true
listMonth,11,425.0,true
listMonth,12,445.2,true
listMonth,13,428.4,true
listMonth,14,431.3,true
listMonth,15,426.6,true
listMonth,16,445.7,true
listMonth,17,439.2,true
listMonth,18,422.2,true
listMonth,19,423.0,true
listMonth,20,429.1,true
listMonth,21,423.9,true
listMonth,22,424.8,true
listMonth,23,427.8,true
listMonth,24,442.9,true
listMonth,25,423.8,true
listMonth,26,423.2,true
listMonth,27,420.4,true
listMonth,28,460.0,true
listMonth,29,429.1,true
listMonth,30,437.2,true
listMonth,31,424.6,true
listMonth,32,428.7,true
listMonth,33,478.3,true
listMonth,34,423.3,true
listMonth,35,428.4,true
listMonth,36,429.8,true
listMonth,37,518.2,true
listMonth,38,422.0,true
listMonth,39,442.3,true
listMonth,40,483.8,true
listMonth,41,525.1,true
listMonth,42,427.4,true
listMonth,43,425.2,true
listMonth,44,446.8,true
listMonth,45,466.9,true
listMonth,46,455.4,true
listMonth,47,513.0,true
listMonth,48,512.5,true
listMonth,49,425.7,true
listMonth,50,494.4,true
listMonth,51,482.0,true
listMonth,52,443.5,true
listMonth,53,438.6,true
listMonth,54,446.0,true
listMonth,55,443.3,true
listMonth,56,513.3,true
listMonth,57,424.9,true
listMonth,58,424.1,true
listMonth,59,480.9,true
listMonth,60,426.6,true
listMonth,61,494.5,true
listMonth,62,512.4,true
listMonth,63,513.2,true
listMonth,64,509.7,true
listMonth,65,469.6,true
listMonth,66,453.7,true
listMonth,67,462.3,true
listMonth,68,458.1,true
listMonth,69,514.0,true
listMonth,70,510.8,true
listMonth,71,427.7,true
listMonth,72,492.5,true
listMonth,73,431.8,true
listMonth,74,427.7,true
listMonth,75,424.0,true
listMonth,76,427.8,true
listMonth,77,541.2,true
listMonth,78,512.9,true
listMonth,79,509.9,true
listMonth,80,441.3,true
listMonth,81,421.4,true
listMonth,82,421.8,true
listMonth,83,422.7,true
listMonth,84,425.3,true
listMonth,85,531.7,true
listMonth,86,509.8,true
listMonth,87,514.4,true
listMonth,88,425.2,true
listMonth,89,497.1,true
listMonth,90,427.0,true
listMonth,91,425.7,true
listMonth,92,437.8,true
listMonth,93,450.2,true
listMonth,94,512.1,true
listMonth,95,496.1,true
listMonth,96,434.7,true
listMonth,97,473.9,true
listMonth,98,438.5,true
listMonth,99,511.0,true
listMonth,100,513.0,true
report,1,434.0,true
report,2,426.9,true
report,3,435.6,true
report,4,433.5,true
report,5,429.2,true
report,6,449.1,true
report,7,436.0,true
report,8,431.1,true
report,9,435.7,true
report,10,474.6,true
report,11,437.3,true
report,12,432.4,true
report,13,430.3,true
report,14,463.0,true
report,15,438.1,true
report,16,428.7,true
report,17,510.1,true
report,18,509.1,true
report,19,513.7,true
report,20,511.7,true
report,21,435.3,true
report,22,487.5,true
report,23,511.3,true
report,24,512.5,true
report,25,443.9,true
report,26,431.4,true
report,27,433.0,true
report,28,439.4,true
report,29,433.9,true
report,30,478.5,true
report,31,513.3,true
report,32,496.1,true
report,33,438.9,true
report,34,431.5,true
report,35,428.8,true
report,36,432.8,true
report,37,439.9,true
report,38,449.7,true
report,39,442.4,true
report,40,437.6,true
report,41,489.9,true
report,42,424.3,true
report,43,443.5,true
report,44,493.4,true
report,45,439.3,true
report,46,470.4,true
report,47,431.3,true
report,48,437.2,true
report,49,453.2,true
report,50,436.4,true
report,51,457.0,true
report,52,430.2,true
report,53,440.4,true
report,54,498.6,true
report,55,510.8,true
report,56,442.1,true
report,57,479.8,true
report,58,433.0,true
report,59,433.8,true
report,60,431.7,true
report,61,430.1,true
report,62,430.3,true
report,63,434.5,true
report,64,424.0,true
report,65,446.3,true
report,66,431.2,true
report,67,429.8,true
report,68,435.5,true
report,69,446.3,true
report,70,439.5,true
report,71,497.8,true
report,72,511.8,true
report,73,513.5,true
report,74,441.9,true
report,75,430.7,true
report,76,560.5,true
report,77,506.5,true
report,78,450.7,true
report,79,430.5,true
report,80,442.3,true
report,81,442.2,true
report,82,449.9,true
report,83,494.9,true
report,84,469.0,true
report,85,440.5,true
report,86,466.4,true
report,87,455.6,true
report,88,582.6,true
report,89,529.6,true
report,90,470.8,true
report,91,440.9,true
report,92,542.0,true
report,93,602.3,true
report,94,475.0,true
report,95,528.5,true
report,96,454.0,true
report,97,433.7,true
report,98,528.9,true
report,99,513.8,true
report,100,582.6,true
